epoch,steps,cossim_accuracy,cossim_accuracy_threshold,cossim_f1,cossim_precision,cossim_recall,cossim_f1_threshold,cossim_ap,manhatten_accuracy,manhatten_accuracy_threshold,manhatten_f1,manhatten_precision,manhatten_recall,manhatten_f1_threshold,manhatten_ap,euclidean_accuracy,euclidean_accuracy_threshold,euclidean_f1,euclidean_precision,euclidean_recall,euclidean_f1_threshold,euclidean_ap,dot_accuracy,dot_accuracy_threshold,dot_f1,dot_precision,dot_recall,dot_f1_threshold,dot_ap
-1,-1,0.8283328178162698,0.809043288230896,0.7983101890580558,0.7325179745669472,0.8770870990472106,0.7743995189666748,0.8456656352412029,0.8267615218063717,174.88372802734375,0.7936894944424525,0.7461438895480531,0.8477068717257437,184.62918090820312,0.8421511707601282,0.8269594803587998,7.7412543296813965,0.7938526143886151,0.7574079741799059,0.8339818020281241,8.224069595336914,0.8423018471998445,0.7730528920507269,130.74188232421875,0.7444499908047185,0.6516269978153386,0.868110658374437,119.06442260742188,0.7711084347920458
